ACST,-18000,3600,not_ambiguous,modern,America/Eirunepe,America/Rio_Branco
ACT,-18000,0,not_ambiguous,modern,America/Eirunepe,America/Rio_Branco
ADDT,-14400,7200,not_ambiguous,modern,America/Goose_Bay,America/Pangnirtung
ADMT,9320,0,not_ambiguous,historical,Africa/Addis_Ababa,Africa/Asmara
ADT,-14400,3600,too_ambiguous,modern,America/Barbados,America/Blanc-Sablon,America/Glace_Bay,America/Goose_Bay,America/Halifax,America/Martinique,America/Moncton,America/Pangnirtung,America/Thule,Asia/Baghdad,Atlantic/Bermuda
AFT,16200,0,time_ambiguous,modern,Asia/Kabul
AHDT,-36000,3600,not_ambiguous,modern,America/Anchorage
AHST,-36000,0,not_ambiguous,modern,America/Adak,America/Anchorage
AKDT,-32400,3600,not_ambiguous,modern,America/Anchorage,America/Juneau,America/Nome,America/Yakutat
AKST,-32400,0,not_ambiguous,modern,America/Anchorage,America/Juneau,America/Nome,America/Yakutat
AKTST,18000,3600,not_ambiguous,modern,Asia/Aqtobe
AKTT,21600,0,time_ambiguous,modern,Asia/Aqtobe
ALMST,21600,3600,not_ambiguous,modern,Asia/Almaty
ALMT,21600,0,time_ambiguous,modern,Asia/Almaty
AMST,10800,3600,too_ambiguous,modern,America/Boa_Vista,America/Campo_Grande,America/Cuiaba,America/Manaus,America/Porto_Velho,America/Santarem,Asia/Yerevan
AMT,14400,0,too_ambiguous,modern,America/Boa_Vista,America/Campo_Grande,America/Cuiaba,America/Eirunepe,America/Manaus,America/Porto_Velho,America/Rio_Branco,America/Santarem,Asia/Yerevan
ANAST,39600,3600,time_ambiguous,modern,Asia/Anadyr
ANAT,43200,0,time_ambiguous,modern,Asia/Anadyr
ANT,-16200,0,not_ambiguous,historical,America/Aruba,America/Curacao
AOT,3124,0,not_ambiguous,historical,Africa/Luanda
APT,-14400,3600,not_ambiguous,historical,America/Blanc-Sablon,America/Glace_Bay,America/Halifax,America/Moncton,America/Pangnirtung,America/Puerto_Rico
AQTST,14400,3600,modern_time_ambiguous,modern,Asia/Aqtau,Asia/Aqtobe
AQTT,14400,0,modern_time_ambiguous,modern,Asia/Aqtau,Asia/Aqtobe
ARST,-10800,3600,time_ambiguous,modern,America/Argentina/Buenos_Aires,America/Argentina/Catamarca,America/Argentina/Cordoba,America/Argentina/Jujuy,America/Argentina/La_Rioja,America/Argentina/Mendoza,America/Argentina/Rio_Gallegos,America/Argentina/Salta,America/Argentina/San_Juan,America/Argentina/San_Luis,America/Argentina/Tucuman,America/Argentina/Ushuaia,Antarctica/Palmer
ART,-10800,0,time_ambiguous,modern,America/Argentina/Buenos_Aires,America/Argentina/Catamarca,America/Argentina/Cordoba,America/Argentina/Jujuy,America/Argentina/La_Rioja,America/Argentina/Mendoza,America/Argentina/Rio_Gallegos,America/Argentina/Salta,America/Argentina/San_Juan,America/Argentina/San_Luis,America/Argentina/Tucuman,America/Argentina/Ushuaia,Antarctica/Palmer
ASHST,14400,3600,time_ambiguous,modern,Asia/Ashgabat
ASHT,18000,0,time_ambiguous,modern,Asia/Ashgabat
AST,10800,0,too_ambiguous,modern,America/Anguilla,America/Antigua,America/Aruba,America/Barbados,America/Blanc-Sablon,America/Curacao,America/Dominica,America/Glace_Bay,America/Goose_Bay,America/Grenada,America/Guadeloupe,America/Halifax,America/Martinique,America/Miquelon,America/Moncton,America/Montserrat,America/Pangnirtung,America/Port_of_Spain,America/Puerto_Rico,America/Santo_Domingo,America/St_Kitts,America/St_Lucia,America/St_Thomas,America/St_Vincent,America/Thule,America/Tortola,Asia/Aden,Asia/Baghdad,Asia/Bahrain,Asia/Kuwait,Asia/Qatar,Asia/Riyadh,Atlantic/Bermuda
AWT,-14400,3600,not_ambiguous,historical,America/Blanc-Sablon,America/Glace_Bay,America/Halifax,America/Moncton,America/Pangnirtung,America/Puerto_Rico
AZOMT,-7200,7200,not_ambiguous,historical,Atlantic/Azores
AZOST,-7200,3600,time_ambiguous,historical,Atlantic/Azores
AZOT,-3600,0,time_ambiguous,modern,Atlantic/Azores
AZST,10800,3600,time_ambiguous,modern,Asia/Baku
AZT,14400,0,time_ambiguous,modern,Asia/Baku
BAKST,10800,3600,time_ambiguous,modern,Asia/Baku
BAKT,14400,0,time_ambiguous,modern,Asia/Baku
BDST,21600,3600,modern_time_ambiguous,modern,Asia/Dhaka
BDT,-39600,3600,too_ambiguous,modern,America/Adak,America/Nome,Asia/Dhaka
BEAT,9000,0,not_ambiguous,historical,Africa/Kampala,Africa/Mogadishu,Africa/Nairobi
BEAUT,9885,0,not_ambiguous,historical,Africa/Dar_es_Salaam,Africa/Kampala,Africa/Nairobi
BMT,-17780,0,too_ambiguous,historical,Africa/Banjul,America/Barbados,America/Bogota,Asia/Baghdad,Asia/Bangkok,Europe/Brussels,Europe/Bucharest,Europe/Chisinau,Europe/Zurich
BNT,27000,0,time_ambiguous,historical,Asia/Brunei
BORT,28800,0,time_ambiguous,modern,Asia/Kuching
BORTST,28800,1200,not_ambiguous,historical,Asia/Kuching
BOST,-16356,3600,not_ambiguous,historical,America/La_Paz
BOT,-14400,0,not_ambiguous,modern,America/La_Paz
BRST,-10800,3600,not_ambiguous,modern,America/Araguaina,America/Bahia,America/Belem,America/Fortaleza,America/Maceio,America/Recife,America/Sao_Paulo
BRT,-10800,0,not_ambiguous,modern,America/Araguaina,America/Bahia,America/Belem,America/Fortaleza,America/Maceio,America/Recife,America/Santarem,America/Sao_Paulo
BST,3600,0,too_ambiguous,modern,America/Adak,America/Nome,Europe/Dublin,Europe/Gibraltar,Europe/London,Pacific/Midway,Pacific/Pago_Pago
BTT,21600,0,not_ambiguous,modern,Asia/Thimphu
BURT,23400,0,not_ambiguous,historical,Asia/Dhaka,Asia/Kolkata,Asia/Rangoon
CANT,-3600,0,not_ambiguous,historical,Atlantic/Canary
CAPT,-36000,3600,not_ambiguous,historical,America/Anchorage
CAST,7200,3600,too_ambiguous,modern,Africa/Gaborone,Africa/Khartoum,Antarctica/Casey
CAT,7200,0,modern_time_ambiguous,modern,Africa/Blantyre,Africa/Bujumbura,Africa/Gaborone,Africa/Harare,Africa/Khartoum,Africa/Kigali,Africa/Lubumbashi,Africa/Lusaka,Africa/Maputo,Africa/Windhoek
CAWT,-36000,3600,not_ambiguous,historical,America/Anchorage
CCT,23400,0,not_ambiguous,modern,Indian/Cocos
CDDT,-21600,7200,not_ambiguous,historical,America/Rankin_Inlet,America/Resolute
CDT,-18000,0,too_ambiguous,modern,America/Atikokan,America/Bahia_Banderas,America/Belize,America/Cambridge_Bay,America/Cancun,America/Chicago,America/Chihuahua,America/Costa_Rica,America/El_Salvador,America/Guatemala,America/Havana,America/Indiana/Indianapolis,America/Indiana/Knox,America/Indiana/Marengo,America/Indiana/Petersburg,America/Indiana/Tell_City,America/Indiana/Vevay,America/Indiana/Vincennes,America/Indiana/Winamac,America/Iqaluit,America/Kentucky/Louisville,America/Kentucky/Monticello,America/Managua,America/Matamoros,America/Menominee,America/Merida,America/Mexico_City,America/Monterrey,America/North_Dakota/Center,America/North_Dakota/New_Salem,America/Ojinaga,America/Pangnirtung,America/Rainy_River,America/Rankin_Inlet,America/Resolute,America/Tegucigalpa,America/Winnipeg,Asia/Chongqing,Asia/Harbin,Asia/Kashgar,Asia/Shanghai,Asia/Taipei,Asia/Urumqi,CST6CDT
CEMT,3600,7200,not_ambiguous,historical,Europe/Berlin
CEST,3600,3600,modern_time_ambiguous,modern,Africa/Algiers,Africa/Ceuta,Africa/Tripoli,Africa/Tunis,CET,Europe/Amsterdam,Europe/Andorra,Europe/Athens,Europe/Belgrade,Europe/Berlin,Europe/Brussels,Europe/Budapest,Europe/Chisinau,Europe/Copenhagen,Europe/Gibraltar,Europe/Kaliningrad,Europe/Kiev,Europe/Lisbon,Europe/Luxembourg,Europe/Madrid,Europe/Malta,Europe/Minsk,Europe/Monaco,Europe/Oslo,Europe/Paris,Europe/Prague,Europe/Riga,Europe/Rome,Europe/Simferopol,Europe/Sofia,Europe/Stockholm,Europe/Tallinn,Europe/Tirane,Europe/Uzhgorod,Europe/Vaduz,Europe/Vienna,Europe/Vilnius,Europe/Warsaw,Europe/Zaporozhye,Europe/Zurich
CET,3600,0,modern_time_ambiguous,modern,Africa/Algiers,Africa/Casablanca,Africa/Ceuta,Africa/Tripoli,Africa/Tunis,Europe/Amsterdam,Europe/Andorra,Europe/Athens,Europe/Belgrade,Europe/Berlin,Europe/Brussels,Europe/Budapest,Europe/Chisinau,Europe/Copenhagen,Europe/Gibraltar,Europe/Kaliningrad,Europe/Kiev,Europe/Lisbon,Europe/Luxembourg,Europe/Madrid,Europe/Malta,Europe/Minsk,Europe/Monaco,Europe/Oslo,Europe/Paris,Europe/Prague,Europe/Riga,Europe/Rome,Europe/Simferopol,Europe/Sofia,Europe/Stockholm,Europe/Tallinn,Europe/Tirane,Europe/Uzhgorod,Europe/Vaduz,Europe/Vienna,Europe/Vilnius,Europe/Warsaw,Europe/Zaporozhye,Europe/Zurich
CGST,-7200,3600,not_ambiguous,modern,America/Scoresbysund
CGT,-7200,0,not_ambiguous,modern,America/Scoresbysund
CHADT,45900,3600,not_ambiguous,modern,Pacific/Chatham
CHAST,45900,0,not_ambiguous,modern,Pacific/Chatham
CHAT,30600,0,time_ambiguous,modern,Asia/Harbin
CHDT,-21600,1800,not_ambiguous,historical,America/Belize
CHOST,32400,3600,not_ambiguous,modern,Asia/Choibalsan
CHOT,32400,0,time_ambiguous,modern,Asia/Choibalsan
CHUT,36000,0,not_ambiguous,modern,Pacific/Chuuk
CIT,28800,0,not_ambiguous,modern,Asia/Dili,Asia/Makassar,Asia/Pontianak
CJT,32400,0,not_ambiguous,historical,Asia/Sakhalin,Asia/Tokyo
CKHST,-36000,1800,not_ambiguous,modern,Pacific/Rarotonga
CKT,-37800,0,time_ambiguous,modern,Pacific/Rarotonga
CLST,-14400,3600,modern_time_ambiguous,modern,America/Santiago,Antarctica/Palmer
CLT,-14400,0,modern_time_ambiguous,modern,America/Santiago,Antarctica/Palmer
CMT,-16060,0,too_ambiguous,historical,America/Argentina/Buenos_Aires,America/Argentina/Catamarca,America/Argentina/Cordoba,America/Argentina/Jujuy,America/Argentina/La_Rioja,America/Argentina/Mendoza,America/Argentina/Rio_Gallegos,America/Argentina/Salta,America/Argentina/San_Juan,America/Argentina/San_Luis,America/Argentina/Tucuman,America/Argentina/Ushuaia,America/Caracas,America/La_Paz,America/Panama,America/St_Lucia,Europe/Chisinau,Europe/Copenhagen
COST,-18000,3600,not_ambiguous,modern,America/Bogota
COT,-18000,0,not_ambiguous,modern,America/Bogota
CPT,-21600,3600,not_ambiguous,historical,America/Atikokan,America/Chicago,America/Indiana/Indianapolis,America/Indiana/Knox,America/Indiana/Marengo,America/Indiana/Petersburg,America/Indiana/Tell_City,America/Indiana/Vevay,America/Indiana/Vincennes,America/Indiana/Winamac,America/Kentucky/Louisville,America/Kentucky/Monticello,America/Menominee,America/Rainy_River,America/Winnipeg,CST6CDT
CST,34200,3600,too_ambiguous,modern,America/Atikokan,America/Bahia_Banderas,America/Belize,America/Cambridge_Bay,America/Cancun,America/Chicago,America/Chihuahua,America/Costa_Rica,America/Detroit,America/El_Salvador,America/Guatemala,America/Havana,America/Hermosillo,America/Indiana/Indianapolis,America/Indiana/Knox,America/Indiana/Marengo,America/Indiana/Petersburg,America/Indiana/Tell_City,America/Indiana/Vevay,America/Indiana/Vincennes,America/Indiana/Winamac,America/Iqaluit,America/Kentucky/Louisville,America/Kentucky/Monticello,America/Managua,America/Matamoros,America/Mazatlan,America/Menominee,America/Merida,America/Mexico_City,America/Monterrey,America/North_Dakota/Center,America/North_Dakota/New_Salem,America/Ojinaga,America/Pangnirtung,America/Rainy_River,America/Rankin_Inlet,America/Regina,America/Resolute,America/Swift_Current,America/Tegucigalpa,America/Thunder_Bay,America/Winnipeg,Asia/Chongqing,Asia/Harbin,Asia/Jayapura,Asia/Kashgar,Asia/Macau,Asia/Shanghai,Asia/Taipei,Asia/Urumqi,Australia/Adelaide,Australia/Broken_Hill,Australia/Darwin,CST6CDT
CUT,8400,0,not_ambiguous,historical,Europe/Zaporozhye
CVST,-7200,3600,not_ambiguous,historical,Atlantic/Cape_Verde
CVT,-3600,0,time_ambiguous,modern,Atlantic/Cape_Verde
CWST,31500,0,time_ambiguous,modern,Australia/Eucla
CWT,-21600,3600,not_ambiguous,historical,America/Atikokan,America/Chicago,America/Indiana/Indianapolis,America/Indiana/Knox,America/Indiana/Marengo,America/Indiana/Petersburg,America/Indiana/Tell_City,America/Indiana/Vevay,America/Indiana/Vincennes,America/Indiana/Winamac,America/Kentucky/Louisville,America/Kentucky/Monticello,America/Menominee,America/Mexico_City,America/Rainy_River,America/Winnipeg,CST6CDT
CXT,25200,0,not_ambiguous,modern,Indian/Christmas
ChST,36000,0,not_ambiguous,modern,Pacific/Guam,Pacific/Saipan
DACT,21600,0,not_ambiguous,modern,Asia/Dhaka
DAVT,18000,0,time_ambiguous,modern,Antarctica/Davis
DDUT,36000,0,not_ambiguous,modern,Antarctica/DumontDUrville
DMT,-1521,0,not_ambiguous,historical,Europe/Dublin
DUSST,18000,3600,time_ambiguous,modern,Asia/Dushanbe
DUST,18000,0,time_ambiguous,historical,Asia/Dushanbe
EASST,-21600,3600,time_ambiguous,modern,Pacific/Easter
EAST,-25200,0,too_ambiguous,modern,Indian/Antananarivo,Pacific/Easter
EAT,10800,0,not_ambiguous,modern,Africa/Addis_Ababa,Africa/Asmara,Africa/Dar_es_Salaam,Africa/Djibouti,Africa/Kampala,Africa/Khartoum,Africa/Mogadishu,Africa/Nairobi,Indian/Antananarivo,Indian/Comoro,Indian/Mayotte
ECT,-18000,0,not_ambiguous,modern,America/Guayaquil,Pacific/Galapagos
EDDT,-18000,7200,not_ambiguous,historical,America/Iqaluit
EDT,-18000,3600,not_ambiguous,modern,America/Cancun,America/Detroit,America/Grand_Turk,America/Indiana/Indianapolis,America/Indiana/Marengo,America/Indiana/Petersburg,America/Indiana/Tell_City,America/Indiana/Vevay,America/Indiana/Vincennes,America/Indiana/Winamac,America/Iqaluit,America/Jamaica,America/Kentucky/Louisville,America/Kentucky/Monticello,America/Montreal,America/Nassau,America/New_York,America/Nipigon,America/Pangnirtung,America/Port-au-Prince,America/Santo_Domingo,America/Thunder_Bay,America/Toronto,EST5EDT
EEST,7200,3600,not_ambiguous,modern,Africa/Cairo,Asia/Amman,Asia/Beirut,Asia/Damascus,Asia/Gaza,Asia/Nicosia,EET,Europe/Athens,Europe/Bucharest,Europe/Chisinau,Europe/Helsinki,Europe/Istanbul,Europe/Kaliningrad,Europe/Kiev,Europe/Minsk,Europe/Moscow,Europe/Riga,Europe/Simferopol,Europe/Sofia,Europe/Tallinn,Europe/Uzhgorod,Europe/Vilnius,Europe/Warsaw,Europe/Zaporozhye
EET,7200,0,modern_time_ambiguous,modern,Africa/Cairo,Africa/Tripoli,Asia/Amman,Asia/Beirut,Asia/Damascus,Asia/Gaza,Asia/Nicosia,Europe/Athens,Europe/Bucharest,Europe/Chisinau,Europe/Helsinki,Europe/Istanbul,Europe/Kaliningrad,Europe/Kiev,Europe/Minsk,Europe/Moscow,Europe/Riga,Europe/Simferopol,Europe/Sofia,Europe/Tallinn,Europe/Uzhgorod,Europe/Vilnius,Europe/Warsaw,Europe/Zaporozhye
EGST,-3600,3600,not_ambiguous,modern,America/Scoresbysund
EGT,-3600,0,not_ambiguous,modern,America/Scoresbysund
EHDT,-18000,1800,not_ambiguous,modern,America/Santo_Domingo
EIT,32400,0,not_ambiguous,modern,Asia/Jayapura
EMT,-26248,0,not_ambiguous,historical,Pacific/Easter
EPT,-18000,3600,not_ambiguous,historical,America/Detroit,America/Iqaluit,America/Montreal,America/New_York,America/Nipigon,America/Thunder_Bay,America/Toronto,EST5EDT
EST,36000,3600,too_ambiguous,modern,America/Antigua,America/Atikokan,America/Cambridge_Bay,America/Cancun,America/Cayman,America/Chicago,America/Detroit,America/Grand_Turk,America/Indiana/Indianapolis,America/Indiana/Knox,America/Indiana/Marengo,America/Indiana/Petersburg,America/Indiana/Tell_City,America/Indiana/Vevay,America/Indiana/Vincennes,America/Indiana/Winamac,America/Iqaluit,America/Jamaica,America/Kentucky/Louisville,America/Kentucky/Monticello,America/Managua,America/Menominee,America/Merida,America/Moncton,America/Montreal,America/Nassau,America/New_York,America/Nipigon,America/Panama,America/Pangnirtung,America/Port-au-Prince,America/Rankin_Inlet,America/Resolute,America/Santo_Domingo,America/Thunder_Bay,America/Toronto,Antarctica/Macquarie,Australia/Brisbane,Australia/Broken_Hill,Australia/Currie,Australia/Hobart,Australia/Lindeman,Australia/Lord_Howe,Australia/Melbourne,Australia/Sydney,EST5EDT
EWT,-18000,3600,not_ambiguous,historical,America/Detroit,America/Iqaluit,America/Montreal,America/New_York,America/Nipigon,America/Thunder_Bay,America/Toronto,EST5EDT
FFMT,-14660,0,not_ambiguous,historical,America/Martinique
FJST,43200,3600,not_ambiguous,modern,Pacific/Fiji
FJT,43200,0,not_ambiguous,modern,Pacific/Fiji
FKST,-10800,3600,time_ambiguous,modern,Atlantic/Stanley
FKT,-14400,0,time_ambiguous,modern,Atlantic/Stanley
FMT,-4056,0,too_ambiguous,historical,Africa/Freetown,Atlantic/Madeira
FNST,-7200,3600,not_ambiguous,modern,America/Noronha
FNT,-7200,0,not_ambiguous,modern,America/Noronha
FORT,14400,0,time_ambiguous,historical,Asia/Aqtau
FRUST,18000,3600,time_ambiguous,modern,Asia/Bishkek
FRUT,21600,0,time_ambiguous,modern,Asia/Bishkek
GALT,-21600,0,not_ambiguous,modern,Pacific/Galapagos
GAMT,-32400,0,not_ambiguous,modern,Pacific/Gambier
GBGT,-13500,0,not_ambiguous,historical,America/Guyana
GEST,14400,3600,time_ambiguous,modern,Asia/Tbilisi
GET,10800,0,time_ambiguous,modern,Asia/Tbilisi
GFT,-10800,0,time_ambiguous,modern,America/Cayenne
GHST,0,1200,not_ambiguous,historical,Africa/Accra
GILT,43200,0,not_ambiguous,modern,Pacific/Tarawa
GMT,0,0,not_ambiguous,modern,Africa/Abidjan,Africa/Accra,Africa/Bamako,Africa/Banjul,Africa/Bissau,Africa/Conakry,Africa/Dakar,Africa/Freetown,Africa/Lome,Africa/Malabo,Africa/Monrovia,Africa/Niamey,Africa/Nouakchott,Africa/Ouagadougou,Africa/Porto-Novo,Africa/Sao_Tome,America/Danmarkshavn,Atlantic/Reykjavik,Atlantic/St_Helena,Etc/GMT,Europe/Dublin,Europe/Gibraltar,Europe/London
GMT+1,-3600,0,not_ambiguous,historical,Etc/GMT+1
GMT+10,-36000,0,not_ambiguous,historical,Etc/GMT+10
GMT+11,-39600,0,not_ambiguous,historical,Etc/GMT+11
GMT+12,-43200,0,not_ambiguous,historical,Etc/GMT+12
GMT+2,-7200,0,not_ambiguous,historical,Etc/GMT+2
GMT+3,-10800,0,not_ambiguous,historical,Etc/GMT+3
GMT+4,-14400,0,not_ambiguous,historical,Etc/GMT+4
GMT+5,-18000,0,not_ambiguous,historical,Etc/GMT+5
GMT+6,-21600,0,not_ambiguous,historical,Etc/GMT+6
GMT+7,-25200,0,not_ambiguous,historical,Etc/GMT+7
GMT+8,-28800,0,not_ambiguous,historical,Etc/GMT+8
GMT+9,-32400,0,not_ambiguous,historical,Etc/GMT+9
GMT-1,3600,0,not_ambiguous,historical,Etc/GMT-1
GMT-10,36000,0,not_ambiguous,historical,Etc/GMT-10
GMT-11,39600,0,not_ambiguous,historical,Etc/GMT-11
GMT-12,43200,0,not_ambiguous,historical,Etc/GMT-12
GMT-13,46800,0,not_ambiguous,historical,Etc/GMT-13
GMT-14,50400,0,not_ambiguous,historical,Etc/GMT-14
GMT-2,7200,0,not_ambiguous,historical,Etc/GMT-2
GMT-3,10800,0,not_ambiguous,historical,Etc/GMT-3
GMT-4,14400,0,not_ambiguous,historical,Etc/GMT-4
GMT-5,18000,0,not_ambiguous,historical,Etc/GMT-5
GMT-6,21600,0,not_ambiguous,historical,Etc/GMT-6
GMT-7,25200,0,not_ambiguous,historical,Etc/GMT-7
GMT-8,28800,0,not_ambiguous,historical,Etc/GMT-8
GMT-9,32400,0,not_ambiguous,historical,Etc/GMT-9
GST,14400,0,too_ambiguous,modern,Asia/Bahrain,Asia/Dubai,Asia/Muscat,Asia/Qatar,Atlantic/South_Georgia,Pacific/Guam
GYT,-14400,0,time_ambiguous,modern,America/Guyana
HADT,-36000,3600,not_ambiguous,modern,America/Adak
HAST,-36000,0,not_ambiguous,modern,America/Adak
HDT,-37800,3600,not_ambiguous,historical,Pacific/Honolulu
HKST,28800,3600,not_ambiguous,modern,Asia/Hong_Kong
HKT,28800,0,not_ambiguous,modern,Asia/Hong_Kong
HMT,5992,0,too_ambiguous,historical,America/Havana,Asia/Dhaka,Asia/Kolkata,Atlantic/Azores,Europe/Helsinki
HOVST,25200,3600,not_ambiguous,modern,Asia/Hovd
HOVT,25200,0,time_ambiguous,modern,Asia/Hovd
HPT,-37800,3600,not_ambiguous,historical,Pacific/Honolulu
HST,-36000,0,modern_time_ambiguous,modern,Pacific/Honolulu,Pacific/Johnston
HWT,-37800,3600,not_ambiguous,historical,Pacific/Honolulu
ICT,25200,0,modern_time_ambiguous,modern,Asia/Bangkok,Asia/Ho_Chi_Minh,Asia/Phnom_Penh,Asia/Vientiane
IDDT,7200,7200,not_ambiguous,historical,Asia/Jerusalem
IDT,7200,3600,not_ambiguous,modern,Asia/Gaza,Asia/Jerusalem
IHST,19800,1800,not_ambiguous,historical,Asia/Colombo
IMT,7016,0,too_ambiguous,historical,Asia/Irkutsk,Europe/Istanbul,Europe/Sofia
IOT,21600,0,time_ambiguous,modern,Indian/Chagos
IRDT,14400,3600,time_ambiguous,modern,Asia/Tehran
IRKST,25200,3600,time_ambiguous,modern,Asia/Irkutsk
IRKT,25200,0,time_ambiguous,modern,Asia/Irkutsk
IRST,14400,0,time_ambiguous,modern,Asia/Tehran
ISST,-3600,3600,not_ambiguous,historical,Atlantic/Reykjavik
IST,19800,0,too_ambiguous,modern,Asia/Colombo,Asia/Dhaka,Asia/Gaza,Asia/Jerusalem,Asia/Karachi,Asia/Kathmandu,Asia/Kolkata,Asia/Thimphu,Atlantic/Reykjavik,Europe/Dublin
JAVT,26400,0,not_ambiguous,historical,Asia/Jakarta
JDT,32400,3600,not_ambiguous,historical,Asia/Tokyo
JMT,25632,0,too_ambiguous,historical,Asia/Jakarta,Asia/Jerusalem,Atlantic/St_Helena
JST,32400,0,not_ambiguous,modern,Asia/Dili,Asia/Hong_Kong,Asia/Jakarta,Asia/Kuala_Lumpur,Asia/Kuching,Asia/Makassar,Asia/Manila,Asia/Pontianak,Asia/Rangoon,Asia/Sakhalin,Asia/Singapore,Asia/Tokyo,Pacific/Nauru
KART,18000,0,not_ambiguous,modern,Asia/Karachi
KAST,18000,0,time_ambiguous,modern,Asia/Kashgar
KDT,28800,3600,time_ambiguous,historical,Asia/Seoul
KGST,18000,3600,not_ambiguous,modern,Asia/Bishkek
KGT,18000,0,time_ambiguous,modern,Asia/Bishkek
KIZST,18000,3600,not_ambiguous,modern,Asia/Qyzylorda
KIZT,21600,0,time_ambiguous,modern,Asia/Qyzylorda
KMT,-14696,0,too_ambiguous,historical,America/Cayman,America/Grand_Turk,America/Jamaica,America/St_Vincent,Europe/Kiev,Europe/Vilnius
KOST,43200,0,time_ambiguous,modern,Pacific/Kosrae
KRAST,25200,3600,time_ambiguous,modern,Asia/Krasnoyarsk,Asia/Novokuznetsk
KRAT,25200,0,time_ambiguous,modern,Asia/Krasnoyarsk,Asia/Novokuznetsk
KST,28800,0,time_ambiguous,historical,Asia/Pyongyang,Asia/Seoul
KUYST,7200,3600,time_ambiguous,modern,Europe/Samara
KUYT,14400,0,time_ambiguous,modern,Europe/Samara
KWAT,-43200,0,not_ambiguous,modern,Pacific/Kwajalein
LHST,37800,1800,time_ambiguous,modern,Australia/Lord_Howe
LINT,50400,0,time_ambiguous,modern,Pacific/Kiritimati
LKT,21600,0,time_ambiguous,modern,Asia/Colombo
LMT,-19532,0,too_ambiguous,historical,Africa/Abidjan,Africa/Accra,Africa/Addis_Ababa,Africa/Algiers,Africa/Asmara,Africa/Bamako,Africa/Bangui,Africa/Banjul,Africa/Bissau,Africa/Blantyre,Africa/Brazzaville,Africa/Bujumbura,Africa/Cairo,Africa/Casablanca,Africa/Ceuta,Africa/Conakry,Africa/Dakar,Africa/Dar_es_Salaam,Africa/Djibouti,Africa/Douala,Africa/El_Aaiun,Africa/Freetown,Africa/Gaborone,Africa/Harare,Africa/Johannesburg,Africa/Kampala,Africa/Khartoum,Africa/Kigali,Africa/Kinshasa,Africa/Lagos,Africa/Libreville,Africa/Lome,Africa/Luanda,Africa/Lubumbashi,Africa/Lusaka,Africa/Malabo,Africa/Maputo,Africa/Maseru,Africa/Mbabane,Africa/Mogadishu,Africa/Monrovia,Africa/Nairobi,Africa/Ndjamena,Africa/Niamey,Africa/Nouakchott,Africa/Ouagadougou,Africa/Porto-Novo,Africa/Sao_Tome,Africa/Tripoli,Africa/Tunis,Africa/Windhoek,America/Adak,America/Anchorage,America/Anguilla,America/Antigua,America/Araguaina,America/Argentina/Buenos_Aires,America/Argentina/Catamarca,America/Argentina/Cordoba,America/Argentina/Jujuy,America/Argentina/La_Rioja,America/Argentina/Mendoza,America/Argentina/Rio_Gallegos,America/Argentina/Salta,America/Argentina/San_Juan,America/Argentina/San_Luis,America/Argentina/Tucuman,America/Argentina/Ushuaia,America/Aruba,America/Asuncion,America/Atikokan,America/Bahia,America/Bahia_Banderas,America/Barbados,America/Belem,America/Belize,America/Blanc-Sablon,America/Boa_Vista,America/Bogota,America/Boise,America/Campo_Grande,America/Cancun,America/Caracas,America/Cayenne,America/Cayman,America/Chicago,America/Chihuahua,America/Costa_Rica,America/Cuiaba,America/Curacao,America/Danmarkshavn,America/Dawson,America/Dawson_Creek,America/Denver,America/Detroit,America/Dominica,America/Edmonton,America/Eirunepe,America/El_Salvador,America/Fortaleza,America/Glace_Bay,America/Godthab,America/Goose_Bay,America/Grand_Turk,America/Grenada,America/Guadeloupe,America/Guatemala,America/Guayaquil,America/Guyana,America/Halifax,America/Havana,America/Hermosillo,America/Indiana/Indianapolis,America/Indiana/Knox,America/Indiana/Marengo,America/Indiana/Petersburg,America/Indiana/Tell_City,America/Indiana/Vevay,America/Indiana/Vincennes,America/Indiana/Winamac,America/Jamaica,America/Juneau,America/Kentucky/Louisville,America/Kentucky/Monticello,America/La_Paz,America/Lima,America/Los_Angeles,America/Maceio,America/Managua,America/Manaus,America/Martinique,America/Matamoros,America/Mazatlan,America/Menominee,America/Merida,America/Mexico_City,America/Miquelon,America/Moncton,America/Monterrey,America/Montevideo,America/Montreal,America/Montserrat,America/Nassau,America/New_York,America/Nipigon,America/Nome,America/Noronha,America/North_Dakota/Center,America/North_Dakota/New_Salem,America/Ojinaga,America/Panama,America/Paramaribo,America/Phoenix,America/Port-au-Prince,America/Port_of_Spain,America/Porto_Velho,America/Puerto_Rico,America/Rainy_River,America/Recife,America/Regina,America/Rio_Branco,America/Santa_Isabel,America/Santarem,America/Santiago,America/Santo_Domingo,America/Sao_Paulo,America/Scoresbysund,America/St_Johns,America/St_Kitts,America/St_Lucia,America/St_Thomas,America/St_Vincent,America/Swift_Current,America/Tegucigalpa,America/Thule,America/Thunder_Bay,America/Tijuana,America/Toronto,America/Tortola,America/Vancouver,America/Whitehorse,America/Winnipeg,America/Yakutat,Asia/Aden,Asia/Almaty,Asia/Amman,Asia/Anadyr,Asia/Aqtau,Asia/Aqtobe,Asia/Ashgabat,Asia/Baghdad,Asia/Bahrain,Asia/Baku,Asia/Bangkok,Asia/Beirut,Asia/Bishkek,Asia/Brunei,Asia/Choibalsan,Asia/Chongqing,Asia/Colombo,Asia/Damascus,Asia/Dhaka,Asia/Dili,Asia/Dubai,Asia/Dushanbe,Asia/Gaza,Asia/Harbin,Asia/Ho_Chi_Minh,Asia/Hong_Kong,Asia/Hovd,Asia/Irkutsk,Asia/Jakarta,Asia/Jayapura,Asia/Jerusalem,Asia/Kabul,Asia/Kamchatka,Asia/Karachi,Asia/Kashgar,Asia/Kathmandu,Asia/Kolkata,Asia/Krasnoyarsk,Asia/Kuala_Lumpur,Asia/Kuching,Asia/Kuwait,Asia/Macau,Asia/Magadan,Asia/Makassar,Asia/Manila,Asia/Muscat,Asia/Nicosia,Asia/Novosibirsk,Asia/Omsk,Asia/Oral,Asia/Phnom_Penh,Asia/Pontianak,Asia/Pyongyang,Asia/Qatar,Asia/Qyzylorda,Asia/Rangoon,Asia/Riyadh,Asia/Sakhalin,Asia/Samarkand,Asia/Seoul,Asia/Shanghai,Asia/Singapore,Asia/Taipei,Asia/Tashkent,Asia/Tbilisi,Asia/Tehran,Asia/Thimphu,Asia/Tokyo,Asia/Ulaanbaatar,Asia/Urumqi,Asia/Vientiane,Asia/Vladivostok,Asia/Yakutsk,Asia/Yekaterinburg,Asia/Yerevan,Atlantic/Azores,Atlantic/Bermuda,Atlantic/Canary,Atlantic/Cape_Verde,Atlantic/Faroe,Atlantic/Madeira,Atlantic/Reykjavik,Atlantic/South_Georgia,Atlantic/St_Helena,Atlantic/Stanley,Australia/Adelaide,Australia/Brisbane,Australia/Broken_Hill,Australia/Currie,Australia/Darwin,Australia/Eucla,Australia/Hobart,Australia/Lindeman,Australia/Lord_Howe,Australia/Melbourne,Australia/Perth,Australia/Sydney,Europe/Amsterdam,Europe/Andorra,Europe/Athens,Europe/Belgrade,Europe/Berlin,Europe/Brussels,Europe/Bucharest,Europe/Budapest,Europe/Chisinau,Europe/Copenhagen,Europe/Dublin,Europe/Gibraltar,Europe/Helsinki,Europe/Istanbul,Europe/Kaliningrad,Europe/Kiev,Europe/Lisbon,Europe/London,Europe/Luxembourg,Europe/Madrid,Europe/Malta,Europe/Minsk,Europe/Monaco,Europe/Moscow,Europe/Oslo,Europe/Paris,Europe/Prague,Europe/Riga,Europe/Rome,Europe/Samara,Europe/Simferopol,Europe/Sofia,Europe/Stockholm,Europe/Tallinn,Europe/Tirane,Europe/Uzhgorod,Europe/Vaduz,Europe/Vienna,Europe/Vilnius,Europe/Volgograd,Europe/Warsaw,Europe/Zaporozhye,Europe/Zurich,Indian/Antananarivo,Indian/Chagos,Indian/Christmas,Indian/Cocos,Indian/Comoro,Indian/Mahe,Indian/Maldives,Indian/Mauritius,Indian/Mayotte,Indian/Reunion,Pacific/Apia,Pacific/Auckland,Pacific/Chatham,Pacific/Chuuk,Pacific/Easter,Pacific/Efate,Pacific/Enderbury,Pacific/Fakaofo,Pacific/Fiji,Pacific/Funafuti,Pacific/Galapagos,Pacific/Gambier,Pacific/Guadalcanal,Pacific/Guam,Pacific/Honolulu,Pacific/Kiritimati,Pacific/Kosrae,Pacific/Kwajalein,Pacific/Majuro,Pacific/Marquesas,Pacific/Midway,Pacific/Nauru,Pacific/Niue,Pacific/Norfolk,Pacific/Noumea,Pacific/Pago_Pago,Pacific/Palau,Pacific/Pitcairn,Pacific/Pohnpei,Pacific/Port_Moresby,Pacific/Rarotonga,Pacific/Saipan,Pacific/Tahiti,Pacific/Tarawa,Pacific/Tongatapu,Pacific/Wake,Pacific/Wallis
LONT,25200,0,not_ambiguous,modern,Asia/Chongqing
LRT,-2670,0,not_ambiguous,modern,Africa/Monrovia
LST,5784,3600,not_ambiguous,historical,Europe/Riga
MADMT,-3600,7200,not_ambiguous,historical,Atlantic/Madeira
MADST,-3600,3600,not_ambiguous,historical,Atlantic/Madeira
MADT,-3600,0,not_ambiguous,historical,Atlantic/Madeira
MAGST,36000,3600,time_ambiguous,modern,Asia/Magadan
MAGT,36000,0,time_ambiguous,modern,Asia/Magadan
MALST,25200,1200,not_ambiguous,historical,Asia/Kuala_Lumpur,Asia/Singapore
MALT,26400,0,time_ambiguous,historical,Asia/Kuala_Lumpur,Asia/Singapore
MART,-34200,0,not_ambiguous,modern,Pacific/Marquesas
MAWT,18000,0,time_ambiguous,modern,Antarctica/Mawson
MDDT,-25200,7200,not_ambiguous,historical,America/Cambridge_Bay,America/Yellowknife
MDST,9048,7200,not_ambiguous,historical,Europe/Moscow
MDT,-25200,3600,not_ambiguous,modern,America/Bahia_Banderas,America/Boise,America/Cambridge_Bay,America/Chihuahua,America/Denver,America/Edmonton,America/Hermosillo,America/Inuvik,America/Mazatlan,America/North_Dakota/Center,America/North_Dakota/New_Salem,America/Ojinaga,America/Phoenix,America/Regina,America/Swift_Current,America/Yellowknife,MST7MDT
MEST,3600,3600,not_ambiguous,modern,MET
MHT,39600,0,time_ambiguous,historical,Pacific/Kwajalein,Pacific/Majuro
MIST,39600,0,not_ambiguous,modern,Antarctica/Macquarie
MMT,23400,0,modern_time_ambiguous,modern,Asia/Rangoon
MOST,28800,3600,not_ambiguous,modern,Asia/Macau
MOT,28800,0,not_ambiguous,modern,Asia/Macau
MPT,36000,0,modern_time_ambiguous,modern,Pacific/Saipan
MSD,10800,3600,modern_time_ambiguous,modern,Europe/Chisinau,Europe/Kaliningrad,Europe/Kiev,Europe/Minsk,Europe/Moscow,Europe/Riga,Europe/Simferopol,Europe/Tallinn,Europe/Uzhgorod,Europe/Vilnius,Europe/Zaporozhye
MSK,10800,0,not_ambiguous,modern,Europe/Chisinau,Europe/Kaliningrad,Europe/Kiev,Europe/Minsk,Europe/Moscow,Europe/Riga,Europe/Simferopol,Europe/Tallinn,Europe/Uzhgorod,Europe/Vilnius,Europe/Zaporozhye
MST,-25200,0,modern_time_ambiguous,modern,America/Bahia_Banderas,America/Boise,America/Cambridge_Bay,America/Chihuahua,America/Dawson_Creek,America/Denver,America/Edmonton,America/Hermosillo,America/Inuvik,America/Mazatlan,America/Mexico_City,America/North_Dakota/Center,America/North_Dakota/New_Salem,America/Ojinaga,America/Phoenix,America/Regina,America/Santa_Isabel,America/Swift_Current,America/Tijuana,America/Yellowknife,MST7MDT
MUST,14400,3600,not_ambiguous,modern,Indian/Mauritius
MUT,14400,0,not_ambiguous,modern,Indian/Mauritius
MVT,18000,0,not_ambiguous,modern,Indian/Maldives
MWT,-25200,3600,not_ambiguous,historical,America/Boise,America/Cambridge_Bay,America/Denver,America/Edmonton,America/North_Dakota/Center,America/North_Dakota/New_Salem,America/Phoenix,America/Regina,America/Swift_Current,America/Yellowknife,MST7MDT
MYT,28800,0,not_ambiguous,modern,Asia/Kuala_Lumpur,Asia/Kuching
NCST,39600,3600,not_ambiguous,modern,Pacific/Noumea
NCT,39600,0,not_ambiguous,modern,Pacific/Noumea
NDDT,-12600,7200,not_ambiguous,modern,America/St_Johns
NDT,-12600,3600,modern_time_ambiguous,modern,America/Goose_Bay,America/St_Johns
NEGT,-12600,0,not_ambiguous,modern,America/Paramaribo
NEST,1200,3600,not_ambiguous,historical,Europe/Amsterdam
NET,1200,0,not_ambiguous,historical,Europe/Amsterdam
NFT,41400,0,not_ambiguous,modern,Pacific/Norfolk
NMT,20928,0,too_ambiguous,historical,Asia/Novokuznetsk,Pacific/Norfolk
NOVST,25200,3600,modern_time_ambiguous,modern,Asia/Novokuznetsk,Asia/Novosibirsk
NOVT,21600,0,too_ambiguous,modern,Asia/Novokuznetsk,Asia/Novosibirsk
NPT,20700,0,modern_time_ambiguous,modern,Asia/Kathmandu
NRT,41400,0,time_ambiguous,modern,Pacific/Nauru
NST,-12600,0,modern_time_ambiguous,modern,America/Goose_Bay,America/St_Johns
NUT,-40800,0,time_ambiguous,historical,Pacific/Niue
NWT,-12600,3600,too_ambiguous,historical,America/Adak,America/Goose_Bay,America/Nome,America/St_Johns
NZDT,43200,3600,not_ambiguous,modern,Antarctica/McMurdo,Pacific/Auckland
NZMT,41400,0,not_ambiguous,historical,Pacific/Auckland
NZST,43200,0,modern_time_ambiguous,modern,Antarctica/McMurdo,Pacific/Auckland
OMSST,18000,3600,time_ambiguous,modern,Asia/Omsk
OMST,21600,0,time_ambiguous,modern,Asia/Omsk
ORAST,14400,3600,not_ambiguous,modern,Asia/Oral
ORAT,14400,0,time_ambiguous,modern,Asia/Oral
PDDT,-28800,7200,not_ambiguous,historical,America/Inuvik
PDT,-28800,3600,not_ambiguous,modern,America/Boise,America/Dawson,America/Dawson_Creek,America/Juneau,America/Los_Angeles,America/Santa_Isabel,America/Tijuana,America/Vancouver,America/Whitehorse,PST8PDT
PEST,-18000,3600,not_ambiguous,modern,America/Lima
PET,-18000,0,not_ambiguous,modern,America/Lima
PETST,39600,3600,time_ambiguous,modern,Asia/Kamchatka
PETT,43200,0,time_ambiguous,modern,Asia/Kamchatka
PGT,36000,0,not_ambiguous,modern,Pacific/Port_Moresby
PHOT,-39600,0,time_ambiguous,modern,Pacific/Enderbury
PHST,28800,3600,not_ambiguous,modern,Asia/Manila
PHT,28800,0,not_ambiguous,modern,Asia/Manila
PKST,18000,3600,not_ambiguous,modern,Asia/Karachi
PKT,18000,0,not_ambiguous,modern,Asia/Karachi
PMDT,-10800,3600,not_ambiguous,modern,America/Miquelon
PMMT,35312,0,not_ambiguous,historical,Pacific/Port_Moresby
PMST,-10800,0,not_ambiguous,modern,America/Miquelon
PMT,36000,0,too_ambiguous,historical,Africa/Algiers,Africa/Tunis,America/Paramaribo,Antarctica/DumontDUrville,Asia/Pontianak,Europe/Monaco,Europe/Paris,Europe/Prague
PNT,-30600,0,not_ambiguous,modern,Pacific/Pitcairn
PONT,39600,0,not_ambiguous,modern,Pacific/Pohnpei
PPMT,-17340,0,not_ambiguous,historical,America/Port-au-Prince
PPT,-28800,3600,not_ambiguous,historical,America/Dawson_Creek,America/Juneau,America/Los_Angeles,America/Santa_Isabel,America/Tijuana,America/Vancouver,PST8PDT
PST,-28800,0,not_ambiguous,modern,America/Bahia_Banderas,America/Boise,America/Dawson,America/Dawson_Creek,America/Hermosillo,America/Inuvik,America/Juneau,America/Los_Angeles,America/Mazatlan,America/Santa_Isabel,America/Tijuana,America/Vancouver,America/Whitehorse,PST8PDT,Pacific/Pitcairn
PWT,32400,0,modern_time_ambiguous,modern,America/Dawson_Creek,America/Juneau,America/Los_Angeles,America/Santa_Isabel,America/Tijuana,America/Vancouver,PST8PDT,Pacific/Palau
PYST,-14400,3600,not_ambiguous,modern,America/Asuncion
PYT,-10800,0,time_ambiguous,modern,America/Asuncion
QMT,-18840,0,not_ambiguous,historical,America/Guayaquil
QYZST,21600,3600,not_ambiguous,modern,Asia/Qyzylorda
QYZT,18000,0,time_ambiguous,modern,Asia/Qyzylorda
RET,14400,0,not_ambiguous,modern,Indian/Reunion
RMT,-5268,0,too_ambiguous,historical,Asia/Rangoon,Atlantic/Reykjavik,Europe/Riga,Europe/Rome
ROTT,-10800,0,not_ambiguous,modern,Antarctica/Rothera
SAKST,36000,3600,time_ambiguous,modern,Asia/Sakhalin
SAKT,36000,0,time_ambiguous,modern,Asia/Sakhalin
SAMST,18000,3600,too_ambiguous,modern,Asia/Samarkand,Europe/Samara
SAMT,18000,0,too_ambiguous,modern,Asia/Samarkand,Europe/Samara,Pacific/Apia,Pacific/Pago_Pago
SAST,7200,0,modern_time_ambiguous,modern,Africa/Johannesburg,Africa/Maseru,Africa/Mbabane,Africa/Windhoek
SBT,39600,0,not_ambiguous,modern,Pacific/Guadalcanal
SCT,14400,0,not_ambiguous,modern,Indian/Mahe
SDMT,-16800,0,not_ambiguous,historical,America/Santo_Domingo
SET,3614,0,not_ambiguous,historical,Europe/Stockholm
SGT,28800,0,time_ambiguous,modern,Asia/Singapore
SHEST,18000,3600,not_ambiguous,modern,Asia/Aqtau
SHET,18000,0,time_ambiguous,modern,Asia/Aqtau
SJMT,-20180,0,not_ambiguous,historical,America/Costa_Rica
SLST,-3600,2400,time_ambiguous,historical,Africa/Freetown
SMT,8160,0,too_ambiguous,historical,America/Santiago,Asia/Ho_Chi_Minh,Asia/Kuala_Lumpur,Asia/Phnom_Penh,Asia/Singapore,Asia/Vientiane,Atlantic/Stanley,Europe/Simferopol
SRT,-12600,0,time_ambiguous,modern,America/Paramaribo
SST,-39600,0,not_ambiguous,modern,Pacific/Midway,Pacific/Pago_Pago
STAT,14400,0,time_ambiguous,historical,Europe/Volgograd
SVEST,18000,3600,time_ambiguous,modern,Asia/Yekaterinburg
SVET,14400,0,time_ambiguous,modern,Asia/Yekaterinburg
SWAT,5400,0,not_ambiguous,historical,Africa/Windhoek
SYOT,10800,0,not_ambiguous,modern,Antarctica/Syowa
TAHT,-36000,0,not_ambiguous,modern,Pacific/Tahiti
TASST,21600,3600,time_ambiguous,modern,Asia/Tashkent
TAST,21600,0,modern_time_ambiguous,modern,Asia/Samarkand,Asia/Tashkent
TBIST,10800,3600,time_ambiguous,modern,Asia/Tbilisi
TBIT,14400,0,time_ambiguous,modern,Asia/Tbilisi
TBMT,10756,0,not_ambiguous,historical,Asia/Tbilisi
TFT,18000,0,not_ambiguous,modern,Indian/Kerguelen
TJT,18000,0,not_ambiguous,modern,Asia/Dushanbe
TKT,-36000,0,not_ambiguous,modern,Pacific/Fakaofo
TLT,28800,0,time_ambiguous,historical,Asia/Dili
TMT,14400,0,too_ambiguous,modern,Asia/Ashgabat,Asia/Tehran,Europe/Tallinn
TOST,46800,3600,not_ambiguous,modern,Pacific/Tongatapu
TOT,46800,0,time_ambiguous,modern,Pacific/Tongatapu
TRST,10800,3600,not_ambiguous,modern,Europe/Istanbul
TRT,10800,0,not_ambiguous,modern,Europe/Istanbul
TSAT,10800,0,not_ambiguous,historical,Europe/Volgograd
TVT,43200,0,not_ambiguous,modern,Pacific/Funafuti
UCT,0,0,not_ambiguous,historical,Etc/UCT
ULAST,28800,3600,not_ambiguous,modern,Asia/Ulaanbaatar
ULAT,28800,0,time_ambiguous,modern,Asia/Choibalsan,Asia/Ulaanbaatar
URAST,14400,3600,time_ambiguous,modern,Asia/Oral
URAT,21600,0,time_ambiguous,modern,Asia/Oral
URUT,21600,0,not_ambiguous,modern,Asia/Urumqi
UTC,0,0,not_ambiguous,historical,Etc/UTC
UYHST,-12600,1800,time_ambiguous,historical,America/Montevideo
UYST,-10800,3600,not_ambiguous,modern,America/Montevideo
UYT,-12600,0,time_ambiguous,historical,America/Montevideo
UZST,18000,3600,not_ambiguous,modern,Asia/Samarkand,Asia/Tashkent
UZT,18000,0,not_ambiguous,modern,Asia/Samarkand,Asia/Tashkent
VET,-14400,0,time_ambiguous,modern,America/Caracas
VLASST,32400,3600,not_ambiguous,modern,Asia/Vladivostok
VLAST,36000,3600,time_ambiguous,modern,Asia/Vladivostok
VLAT,32400,0,time_ambiguous,historical,Asia/Vladivostok
VOLST,10800,3600,time_ambiguous,modern,Europe/Volgograd
VOLT,10800,0,time_ambiguous,modern,Europe/Volgograd
VOST,21600,0,not_ambiguous,modern,Antarctica/Vostok
VUST,39600,3600,not_ambiguous,modern,Pacific/Efate
VUT,39600,0,not_ambiguous,modern,Pacific/Efate
WAKT,43200,0,not_ambiguous,modern,Pacific/Wake
WARST,-14400,3600,not_ambiguous,modern,America/Argentina/Jujuy,America/Argentina/Mendoza,America/Argentina/San_Luis
WART,-14400,0,not_ambiguous,modern,America/Argentina/Catamarca,America/Argentina/Cordoba,America/Argentina/Jujuy,America/Argentina/La_Rioja,America/Argentina/Mendoza,America/Argentina/Rio_Gallegos,America/Argentina/Salta,America/Argentina/San_Juan,America/Argentina/San_Luis,America/Argentina/Tucuman,America/Argentina/Ushuaia
WAST,3600,3600,not_ambiguous,modern,Africa/Ndjamena,Africa/Windhoek
WAT,3600,0,too_ambiguous,modern,Africa/Bamako,Africa/Bangui,Africa/Banjul,Africa/Bissau,Africa/Brazzaville,Africa/Conakry,Africa/Dakar,Africa/Douala,Africa/El_Aaiun,Africa/Freetown,Africa/Kinshasa,Africa/Lagos,Africa/Libreville,Africa/Luanda,Africa/Malabo,Africa/Ndjamena,Africa/Niamey,Africa/Nouakchott,Africa/Porto-Novo,Africa/Windhoek
WEMT,0,7200,not_ambiguous,historical,Europe/Lisbon,Europe/Madrid,Europe/Monaco,Europe/Paris
WEST,0,3600,modern_time_ambiguous,modern,Africa/Algiers,Africa/Casablanca,Africa/Ceuta,Atlantic/Canary,Atlantic/Faroe,Atlantic/Madeira,Europe/Brussels,Europe/Lisbon,Europe/Luxembourg,Europe/Madrid,Europe/Monaco,Europe/Paris,WET
WET,0,0,modern_time_ambiguous,modern,Africa/Algiers,Africa/Casablanca,Africa/Ceuta,Africa/El_Aaiun,Atlantic/Azores,Atlantic/Canary,Atlantic/Faroe,Atlantic/Madeira,Europe/Andorra,Europe/Brussels,Europe/Lisbon,Europe/Luxembourg,Europe/Madrid,Europe/Monaco,Europe/Paris
WFT,43200,0,not_ambiguous,modern,Pacific/Wallis
WGST,-10800,3600,not_ambiguous,modern,America/Danmarkshavn,America/Godthab
WGT,-10800,0,not_ambiguous,modern,America/Danmarkshavn,America/Godthab
WIT,25200,0,time_ambiguous,modern,Asia/Jakarta,Asia/Pontianak
WMT,5040,0,not_ambiguous,historical,Europe/Vilnius,Europe/Warsaw
WSDT,-39600,3600,not_ambiguous,modern,Pacific/Apia
WST,28800,3600,too_ambiguous,modern,Antarctica/Casey,Australia/Perth,Pacific/Apia
YAKST,28800,3600,time_ambiguous,modern,Asia/Yakutsk
YAKT,28800,0,time_ambiguous,modern,Asia/Yakutsk
YDDT,-32400,7200,not_ambiguous,historical,America/Dawson,America/Whitehorse
YDT,-32400,3600,not_ambiguous,modern,America/Dawson,America/Whitehorse,America/Yakutat
YEKST,18000,3600,not_ambiguous,modern,Asia/Yekaterinburg
YEKT,18000,0,not_ambiguous,modern,Asia/Yekaterinburg
YERST,10800,3600,time_ambiguous,modern,Asia/Yerevan
YERT,14400,0,time_ambiguous,modern,Asia/Yerevan
YPT,-32400,3600,not_ambiguous,historical,America/Dawson,America/Whitehorse,America/Yakutat
YST,-32400,0,not_ambiguous,modern,America/Anchorage,America/Dawson,America/Juneau,America/Nome,America/Whitehorse,America/Yakutat
YWT,-32400,3600,not_ambiguous,historical,America/Dawson,America/Whitehorse,America/Yakutat
zzz,11224,-75,too_ambiguous,modern,America/Cambridge_Bay,America/Inuvik,America/Iqaluit,America/Pangnirtung,America/Rankin_Inlet,America/Resolute,America/Yellowknife,Antarctica/Casey,Antarctica/Davis,Antarctica/DumontDUrville,Antarctica/Macquarie,Antarctica/Mawson,Antarctica/McMurdo,Antarctica/Palmer,Antarctica/Rothera,Antarctica/Syowa,Antarctica/Vostok,Asia/Riyadh87,Asia/Riyadh88,Asia/Riyadh89,Indian/Kerguelen
